turn,pct_nodes_explored,pct_links_explored,node_novelty_score,link_novelty_score
0,1.0309278350515463,0.8403361344537815,1.0,1.0
1,4.123711340206185,2.5210084033613445,1.0,0.6666666666666666
2,7.216494845360824,5.042016806722689,0.75,0.6
3,9.278350515463918,7.563025210084033,0.5,0.5
4,12.371134020618557,10.084033613445378,0.5,0.375
5,18.556701030927837,15.126050420168067,0.6666666666666666,0.6
6,23.711340206185564,19.327731092436977,0.5,0.5
7,26.804123711340207,22.689075630252102,0.3333333333333333,0.4
8,29.896907216494846,26.05042016806723,0.3,0.4
9,31.958762886597935,29.411764705882355,0.2,0.4444444444444444
10,35.051546391752574,31.932773109243694,0.3,0.3
11,37.11340206185567,34.45378151260504,0.2,0.3
12,39.175257731958766,36.134453781512605,0.2,0.2
13,40.20618556701031,37.81512605042017,0.1111111111111111,0.2
14,42.2680412371134,39.49579831932773,0.2,0.2
15,42.2680412371134,40.33613445378151,0.0,0.1
16,43.29896907216495,41.17647058823529,0.1,0.1
17,44.329896907216494,42.016806722689076,0.1,0.1
18,44.329896907216494,42.016806722689076,0.0,0.0
19,45.36082474226804,42.857142857142854,0.125,0.1
20,46.391752577319586,43.69747899159664,0.1111111111111111,0.1
21,47.42268041237113,45.378151260504204,0.1,0.2
22,48.45360824742268,47.05882352941176,0.1,0.2
23,49.48453608247423,47.89915966386555,0.125,0.1
24,51.546391752577314,49.57983193277311,0.2,0.2
25,53.608247422680414,51.26050420168067,0.2,0.2
26,55.670103092783506,52.94117647058824,0.2222222222222222,0.2
27,57.73195876288659,54.621848739495796,0.25,0.2
28,59.79381443298969,56.30252100840336,0.2222222222222222,0.2
29,60.824742268041234,57.14285714285714,0.1,0.1
30,62.88659793814433,58.82352941176471,0.2222222222222222,0.2
31,64.94845360824742,60.50420168067227,0.2,0.2
32,65.97938144329896,61.34453781512605,0.1,0.1
33,67.0103092783505,62.18487394957983,0.1111111111111111,0.1
34,67.0103092783505,63.02521008403361,0.0,0.1
35,68.04123711340206,63.86554621848739,0.1111111111111111,0.1
36,68.04123711340206,64.70588235294117,0.0,0.1
37,68.04123711340206,65.54621848739495,0.0,0.1
38,68.04123711340206,65.54621848739495,0.0,0.0
39,69.0721649484536,66.38655462184873,0.1,0.1
40,70.10309278350515,67.22689075630252,0.125,0.1
41,71.1340206185567,68.0672268907563,0.1111111111111111,0.1
42,72.16494845360825,68.90756302521008,0.1,0.1
43,72.16494845360825,68.90756302521008,0.0,0.0
44,73.19587628865979,69.74789915966386,0.1111111111111111,0.1
45,75.25773195876289,71.42857142857143,0.2222222222222222,0.2
46,77.31958762886599,73.10924369747899,0.2222222222222222,0.2
47,78.35051546391753,73.94957983193278,0.1,0.1
48,78.35051546391753,73.94957983193278,0.0,0.0
49,78.35051546391753,73.94957983193278,0.0,0.0
50,80.41237113402062,75.63025210084034,0.2,0.2
51,82.4742268041237,77.31092436974791,0.2222222222222222,0.2
52,83.50515463917526,78.99159663865547,0.1,0.2
53,83.50515463917526,79.83193277310924,0.0,0.1
54,83.50515463917526,79.83193277310924,0.0,0.0
55,83.50515463917526,79.83193277310924,0.0,0.0
56,84.5360824742268,80.67226890756302,0.1111111111111111,0.1
57,85.56701030927834,82.35294117647058,0.1111111111111111,0.2
58,86.5979381443299,83.19327731092437,0.1,0.1
59,86.5979381443299,83.19327731092437,0.0,0.0
60,86.5979381443299,83.19327731092437,0.0,0.0
61,86.5979381443299,84.03361344537815,0.0,0.1
62,86.5979381443299,84.03361344537815,0.0,0.0
63,86.5979381443299,84.03361344537815,0.0,0.0
64,86.5979381443299,84.03361344537815,0.0,0.0
65,86.5979381443299,84.03361344537815,0.0,0.0
66,86.5979381443299,84.03361344537815,0.0,0.0
67,86.5979381443299,84.03361344537815,0.0,0.0
68,86.5979381443299,84.03361344537815,0.0,0.0
69,86.5979381443299,84.03361344537815,0.0,0.0
70,86.5979381443299,84.03361344537815,0.0,0.0
71,86.5979381443299,84.03361344537815,0.0,0.0
72,86.5979381443299,84.03361344537815,0.0,0.0
73,86.5979381443299,84.03361344537815,0.0,0.0
74,86.5979381443299,84.03361344537815,0.0,0.0
75,86.5979381443299,84.03361344537815,0.0,0.0
76,86.5979381443299,84.03361344537815,0.0,0.0
77,86.5979381443299,84.03361344537815,0.0,0.0
78,86.5979381443299,84.03361344537815,0.0,0.0
79,86.5979381443299,84.03361344537815,0.0,0.0
80,86.5979381443299,84.03361344537815,0.0,0.0
81,86.5979381443299,84.03361344537815,0.0,0.0
82,86.5979381443299,84.03361344537815,0.0,0.0
83,86.5979381443299,84.03361344537815,0.0,0.0
84,86.5979381443299,84.03361344537815,0.0,0.0
85,86.5979381443299,84.03361344537815,0.0,0.0
86,86.5979381443299,84.03361344537815,0.0,0.0
87,86.5979381443299,84.03361344537815,0.0,0.0
88,86.5979381443299,84.03361344537815,0.0,0.0
89,86.5979381443299,84.03361344537815,0.0,0.0
90,86.5979381443299,84.03361344537815,0.0,0.0
91,86.5979381443299,84.03361344537815,0.0,0.0
92,86.5979381443299,84.03361344537815,0.0,0.0
93,86.5979381443299,84.03361344537815,0.0,0.0
94,86.5979381443299,84.03361344537815,0.0,0.0
95,86.5979381443299,84.03361344537815,0.0,0.0
96,86.5979381443299,84.03361344537815,0.0,0.0
97,86.5979381443299,84.03361344537815,0.0,0.0
98,86.5979381443299,84.03361344537815,0.0,0.0
99,86.5979381443299,84.03361344537815,0.0,0.0
100,86.5979381443299,84.03361344537815,0.0,0.0
101,86.5979381443299,84.03361344537815,0.0,0.0
102,86.5979381443299,84.03361344537815,0.0,0.0
103,86.5979381443299,84.03361344537815,0.0,0.0
104,86.5979381443299,84.03361344537815,0.0,0.0
105,86.5979381443299,84.03361344537815,0.0,0.0
106,86.5979381443299,84.03361344537815,0.0,0.0
107,86.5979381443299,84.03361344537815,0.0,0.0
108,86.5979381443299,84.03361344537815,0.0,0.0
109,86.5979381443299,84.03361344537815,0.0,0.0
110,86.5979381443299,84.03361344537815,0.0,0.0
111,86.5979381443299,84.03361344537815,0.0,0.0
112,86.5979381443299,84.03361344537815,0.0,0.0
113,86.5979381443299,84.03361344537815,0.0,0.0
114,86.5979381443299,84.03361344537815,0.0,0.0
115,86.5979381443299,84.03361344537815,0.0,0.0
116,86.5979381443299,84.03361344537815,0.0,0.0
117,86.5979381443299,84.03361344537815,0.0,0.0
118,86.5979381443299,84.03361344537815,0.0,0.0
119,86.5979381443299,84.03361344537815,0.0,0.0
120,86.5979381443299,84.03361344537815,0.0,0.0
121,86.5979381443299,84.03361344537815,0.0,0.0
122,86.5979381443299,84.03361344537815,0.0,0.0
123,86.5979381443299,84.03361344537815,0.0,0.0
124,86.5979381443299,84.03361344537815,0.0,0.0
125,86.5979381443299,84.03361344537815,0.0,0.0
126,86.5979381443299,84.03361344537815,0.0,0.0
127,86.5979381443299,84.03361344537815,0.0,0.0
128,86.5979381443299,84.03361344537815,0.0,0.0
129,86.5979381443299,84.03361344537815,0.0,0.0
130,86.5979381443299,84.03361344537815,0.0,0.0
131,86.5979381443299,84.03361344537815,0.0,0.0
132,86.5979381443299,84.03361344537815,0.0,0.0
133,86.5979381443299,84.03361344537815,0.0,0.0
134,86.5979381443299,84.03361344537815,0.0,0.0
135,86.5979381443299,84.03361344537815,0.0,0.0
136,86.5979381443299,84.03361344537815,0.0,0.0
137,86.5979381443299,84.03361344537815,0.0,0.0
138,86.5979381443299,84.03361344537815,0.0,0.0
139,86.5979381443299,84.03361344537815,0.0,0.0
140,86.5979381443299,84.03361344537815,0.0,0.0
141,86.5979381443299,84.03361344537815,0.0,0.0
142,86.5979381443299,84.03361344537815,0.0,0.0
143,86.5979381443299,84.03361344537815,0.0,0.0
144,86.5979381443299,84.03361344537815,0.0,0.0
145,86.5979381443299,84.03361344537815,0.0,0.0
146,86.5979381443299,84.03361344537815,0.0,0.0
147,86.5979381443299,84.03361344537815,0.0,0.0
148,86.5979381443299,84.03361344537815,0.0,0.0
149,86.5979381443299,84.03361344537815,0.0,0.0
150,86.5979381443299,84.03361344537815,0.0,0.0
151,86.5979381443299,84.03361344537815,0.0,0.0
152,86.5979381443299,84.03361344537815,0.0,0.0
153,86.5979381443299,84.03361344537815,0.0,0.0
154,86.5979381443299,84.03361344537815,0.0,0.0
155,86.5979381443299,84.03361344537815,0.0,0.0
156,86.5979381443299,84.03361344537815,0.0,0.0
157,86.5979381443299,84.03361344537815,0.0,0.0
158,86.5979381443299,84.03361344537815,0.0,0.0
159,86.5979381443299,84.03361344537815,0.0,0.0
160,86.5979381443299,84.03361344537815,0.0,0.0
161,86.5979381443299,84.03361344537815,0.0,0.0
162,86.5979381443299,84.03361344537815,0.0,0.0
163,86.5979381443299,84.03361344537815,0.0,0.0
164,86.5979381443299,84.03361344537815,0.0,0.0
165,86.5979381443299,84.03361344537815,0.0,0.0
166,86.5979381443299,84.03361344537815,0.0,0.0
167,86.5979381443299,84.03361344537815,0.0,0.0
168,86.5979381443299,84.03361344537815,0.0,0.0
169,86.5979381443299,84.03361344537815,0.0,0.0
170,86.5979381443299,84.03361344537815,0.0,0.0
171,86.5979381443299,84.03361344537815,0.0,0.0
172,86.5979381443299,84.03361344537815,0.0,0.0
173,86.5979381443299,84.03361344537815,0.0,0.0
174,86.5979381443299,84.03361344537815,0.0,0.0
175,86.5979381443299,84.03361344537815,0.0,0.0
176,86.5979381443299,84.03361344537815,0.0,0.0
177,86.5979381443299,84.03361344537815,0.0,0.0
178,86.5979381443299,84.03361344537815,0.0,0.0
179,86.5979381443299,84.03361344537815,0.0,0.0
180,86.5979381443299,84.03361344537815,0.0,0.0
181,86.5979381443299,84.03361344537815,0.0,0.0
182,86.5979381443299,84.03361344537815,0.0,0.0
183,86.5979381443299,84.03361344537815,0.0,0.0
184,86.5979381443299,84.03361344537815,0.0,0.0
185,86.5979381443299,84.03361344537815,0.0,0.0
186,86.5979381443299,84.03361344537815,0.0,0.0
187,86.5979381443299,84.03361344537815,0.0,0.0
188,86.5979381443299,84.03361344537815,0.0,0.0
189,86.5979381443299,84.03361344537815,0.0,0.0
190,86.5979381443299,84.03361344537815,0.0,0.0
191,86.5979381443299,84.03361344537815,0.0,0.0
192,86.5979381443299,84.03361344537815,0.0,0.0
193,86.5979381443299,84.03361344537815,0.0,0.0
194,86.5979381443299,84.03361344537815,0.0,0.0
195,86.5979381443299,84.03361344537815,0.0,0.0
196,86.5979381443299,84.03361344537815,0.0,0.0
197,86.5979381443299,84.03361344537815,0.0,0.0
198,86.5979381443299,84.03361344537815,0.0,0.0
199,86.5979381443299,84.03361344537815,0.0,0.0
200,86.5979381443299,84.03361344537815,0.0,0.0
201,86.5979381443299,84.03361344537815,0.0,0.0
202,86.5979381443299,84.03361344537815,0.0,0.0
203,86.5979381443299,84.03361344537815,0.0,0.0
204,86.5979381443299,84.03361344537815,0.0,0.0
205,86.5979381443299,84.03361344537815,0.0,0.0
206,86.5979381443299,84.03361344537815,0.0,0.0
207,86.5979381443299,84.03361344537815,0.0,0.0
208,86.5979381443299,84.03361344537815,0.0,0.0
209,86.5979381443299,84.03361344537815,0.0,0.0
210,86.5979381443299,84.03361344537815,0.0,0.0
211,86.5979381443299,84.03361344537815,0.0,0.0
212,86.5979381443299,84.03361344537815,0.0,0.0
213,86.5979381443299,84.03361344537815,0.0,0.0
214,86.5979381443299,84.03361344537815,0.0,0.0
215,86.5979381443299,84.03361344537815,0.0,0.0
216,86.5979381443299,84.03361344537815,0.0,0.0
217,86.5979381443299,84.03361344537815,0.0,0.0
218,86.5979381443299,84.03361344537815,0.0,0.0
219,86.5979381443299,84.03361344537815,0.0,0.0
220,86.5979381443299,84.03361344537815,0.0,0.0
221,86.5979381443299,84.03361344537815,0.0,0.0
222,86.5979381443299,84.03361344537815,0.0,0.0
223,86.5979381443299,84.03361344537815,0.0,0.0
224,86.5979381443299,84.03361344537815,0.0,0.0
225,86.5979381443299,84.03361344537815,0.0,0.0
226,86.5979381443299,84.03361344537815,0.0,0.0
227,86.5979381443299,84.03361344537815,0.0,0.0
228,86.5979381443299,84.03361344537815,0.0,0.0
229,86.5979381443299,84.03361344537815,0.0,0.0
230,86.5979381443299,84.03361344537815,0.0,0.0
231,86.5979381443299,84.03361344537815,0.0,0.0
232,86.5979381443299,84.03361344537815,0.0,0.0
233,86.5979381443299,84.03361344537815,0.0,0.0
234,86.5979381443299,84.03361344537815,0.0,0.0
235,86.5979381443299,84.03361344537815,0.0,0.0
236,86.5979381443299,84.03361344537815,0.0,0.0
237,86.5979381443299,84.03361344537815,0.0,0.0
238,86.5979381443299,84.03361344537815,0.0,0.0
239,86.5979381443299,84.03361344537815,0.0,0.0
240,86.5979381443299,84.03361344537815,0.0,0.0
241,86.5979381443299,84.03361344537815,0.0,0.0
242,86.5979381443299,84.03361344537815,0.0,0.0
243,86.5979381443299,84.03361344537815,0.0,0.0
244,86.5979381443299,84.03361344537815,0.0,0.0
245,86.5979381443299,84.03361344537815,0.0,0.0
246,86.5979381443299,84.03361344537815,0.0,0.0
247,86.5979381443299,84.03361344537815,0.0,0.0
248,86.5979381443299,84.03361344537815,0.0,0.0
249,86.5979381443299,84.03361344537815,0.0,0.0
250,86.5979381443299,84.03361344537815,0.0,0.0
251,86.5979381443299,84.03361344537815,0.0,0.0
252,86.5979381443299,84.03361344537815,0.0,0.0
253,86.5979381443299,84.03361344537815,0.0,0.0
254,86.5979381443299,84.03361344537815,0.0,0.0
255,86.5979381443299,84.03361344537815,0.0,0.0
256,86.5979381443299,84.03361344537815,0.0,0.0
257,86.5979381443299,84.03361344537815,0.0,0.0
258,86.5979381443299,84.03361344537815,0.0,0.0
259,86.5979381443299,84.03361344537815,0.0,0.0
260,86.5979381443299,84.03361344537815,0.0,0.0
261,86.5979381443299,84.03361344537815,0.0,0.0
262,86.5979381443299,84.03361344537815,0.0,0.0
263,86.5979381443299,84.03361344537815,0.0,0.0
264,86.5979381443299,84.03361344537815,0.0,0.0
265,86.5979381443299,84.03361344537815,0.0,0.0
266,86.5979381443299,84.03361344537815,0.0,0.0
267,86.5979381443299,84.03361344537815,0.0,0.0
268,86.5979381443299,84.03361344537815,0.0,0.0
269,86.5979381443299,84.03361344537815,0.0,0.0
270,86.5979381443299,84.03361344537815,0.0,0.0
271,86.5979381443299,84.03361344537815,0.0,0.0
272,86.5979381443299,84.03361344537815,0.0,0.0
273,86.5979381443299,84.03361344537815,0.0,0.0
274,86.5979381443299,84.03361344537815,0.0,0.0
275,86.5979381443299,84.03361344537815,0.0,0.0
276,86.5979381443299,84.03361344537815,0.0,0.0
277,86.5979381443299,84.03361344537815,0.0,0.0
278,86.5979381443299,84.03361344537815,0.0,0.0
279,86.5979381443299,84.03361344537815,0.0,0.0
280,86.5979381443299,84.03361344537815,0.0,0.0
281,86.5979381443299,84.03361344537815,0.0,0.0
282,86.5979381443299,84.03361344537815,0.0,0.0
283,86.5979381443299,84.03361344537815,0.0,0.0
284,86.5979381443299,84.03361344537815,0.0,0.0
285,86.5979381443299,84.03361344537815,0.0,0.0
286,86.5979381443299,84.03361344537815,0.0,0.0
287,86.5979381443299,84.03361344537815,0.0,0.0
288,86.5979381443299,84.03361344537815,0.0,0.0
289,86.5979381443299,84.03361344537815,0.0,0.0
290,86.5979381443299,84.03361344537815,0.0,0.0
291,86.5979381443299,84.03361344537815,0.0,0.0
292,86.5979381443299,84.03361344537815,0.0,0.0
293,86.5979381443299,84.03361344537815,0.0,0.0
294,86.5979381443299,84.03361344537815,0.0,0.0
295,86.5979381443299,84.03361344537815,0.0,0.0
296,86.5979381443299,84.03361344537815,0.0,0.0
297,86.5979381443299,84.03361344537815,0.0,0.0
298,86.5979381443299,84.03361344537815,0.0,0.0
299,86.5979381443299,84.03361344537815,0.0,0.0
300,86.5979381443299,84.03361344537815,0.0,0.0
301,86.5979381443299,84.03361344537815,0.0,0.0
302,86.5979381443299,84.03361344537815,0.0,0.0
303,86.5979381443299,84.03361344537815,0.0,0.0
304,86.5979381443299,84.03361344537815,0.0,0.0
305,86.5979381443299,84.03361344537815,0.0,0.0
306,86.5979381443299,84.03361344537815,0.0,0.0
307,86.5979381443299,84.03361344537815,0.0,0.0
308,86.5979381443299,84.03361344537815,0.0,0.0
309,86.5979381443299,84.03361344537815,0.0,0.0
310,86.5979381443299,84.03361344537815,0.0,0.0
311,86.5979381443299,84.03361344537815,0.0,0.0
312,86.5979381443299,84.03361344537815,0.0,0.0
313,86.5979381443299,84.03361344537815,0.0,0.0
314,86.5979381443299,84.03361344537815,0.0,0.0
315,86.5979381443299,84.03361344537815,0.0,0.0
316,86.5979381443299,84.03361344537815,0.0,0.0
317,86.5979381443299,84.03361344537815,0.0,0.0
318,86.5979381443299,84.03361344537815,0.0,0.0
319,86.5979381443299,84.03361344537815,0.0,0.0
320,86.5979381443299,84.03361344537815,0.0,0.0
321,86.5979381443299,84.03361344537815,0.0,0.0
322,86.5979381443299,84.03361344537815,0.0,0.0
323,86.5979381443299,84.03361344537815,0.0,0.0
324,86.5979381443299,84.03361344537815,0.0,0.0
325,86.5979381443299,84.03361344537815,0.0,0.0
326,86.5979381443299,84.03361344537815,0.0,0.0
327,86.5979381443299,84.03361344537815,0.0,0.0
328,86.5979381443299,84.03361344537815,0.0,0.0
329,86.5979381443299,84.03361344537815,0.0,0.0
330,86.5979381443299,84.03361344537815,0.0,0.0
331,86.5979381443299,84.03361344537815,0.0,0.0
332,86.5979381443299,84.03361344537815,0.0,0.0
333,86.5979381443299,84.03361344537815,0.0,0.0
334,86.5979381443299,84.03361344537815,0.0,0.0
335,86.5979381443299,84.03361344537815,0.0,0.0
336,86.5979381443299,84.03361344537815,0.0,0.0
337,86.5979381443299,84.03361344537815,0.0,0.0
338,86.5979381443299,84.03361344537815,0.0,0.0
339,86.5979381443299,84.03361344537815,0.0,0.0
340,86.5979381443299,84.03361344537815,0.0,0.0
341,86.5979381443299,84.03361344537815,0.0,0.0
342,86.5979381443299,84.03361344537815,0.0,0.0
343,86.5979381443299,84.03361344537815,0.0,0.0
344,86.5979381443299,84.03361344537815,0.0,0.0
345,86.5979381443299,84.03361344537815,0.0,0.0
346,86.5979381443299,84.03361344537815,0.0,0.0
347,86.5979381443299,84.03361344537815,0.0,0.0
348,86.5979381443299,84.03361344537815,0.0,0.0
349,86.5979381443299,84.03361344537815,0.0,0.0
350,86.5979381443299,84.03361344537815,0.0,0.0
351,86.5979381443299,84.03361344537815,0.0,0.0
352,86.5979381443299,84.03361344537815,0.0,0.0
353,86.5979381443299,84.03361344537815,0.0,0.0
354,86.5979381443299,84.03361344537815,0.0,0.0
355,86.5979381443299,84.03361344537815,0.0,0.0
356,86.5979381443299,84.03361344537815,0.0,0.0
357,86.5979381443299,84.03361344537815,0.0,0.0
358,86.5979381443299,84.03361344537815,0.0,0.0
359,86.5979381443299,84.03361344537815,0.0,0.0
360,86.5979381443299,84.03361344537815,0.0,0.0
361,86.5979381443299,84.03361344537815,0.0,0.0
362,86.5979381443299,84.03361344537815,0.0,0.0
363,86.5979381443299,84.03361344537815,0.0,0.0
364,86.5979381443299,84.03361344537815,0.0,0.0
365,86.5979381443299,84.03361344537815,0.0,0.0
366,86.5979381443299,84.03361344537815,0.0,0.0
367,86.5979381443299,84.03361344537815,0.0,0.0
368,86.5979381443299,84.03361344537815,0.0,0.0
369,86.5979381443299,84.03361344537815,0.0,0.0
370,86.5979381443299,84.03361344537815,0.0,0.0
371,86.5979381443299,84.03361344537815,0.0,0.0
372,86.5979381443299,84.03361344537815,0.0,0.0
373,86.5979381443299,84.03361344537815,0.0,0.0
374,86.5979381443299,84.03361344537815,0.0,0.0
375,86.5979381443299,84.03361344537815,0.0,0.0
376,86.5979381443299,84.03361344537815,0.0,0.0
377,86.5979381443299,84.03361344537815,0.0,0.0
378,86.5979381443299,84.03361344537815,0.0,0.0
379,86.5979381443299,84.03361344537815,0.0,0.0
380,86.5979381443299,84.03361344537815,0.0,0.0
381,86.5979381443299,84.03361344537815,0.0,0.0
382,86.5979381443299,84.03361344537815,0.0,0.0
383,86.5979381443299,84.03361344537815,0.0,0.0
384,86.5979381443299,84.03361344537815,0.0,0.0
385,86.5979381443299,84.03361344537815,0.0,0.0
386,86.5979381443299,84.03361344537815,0.0,0.0
387,86.5979381443299,84.03361344537815,0.0,0.0
388,86.5979381443299,84.03361344537815,0.0,0.0
389,86.5979381443299,84.03361344537815,0.0,0.0
390,86.5979381443299,84.03361344537815,0.0,0.0
391,86.5979381443299,84.03361344537815,0.0,0.0
392,86.5979381443299,84.03361344537815,0.0,0.0
393,86.5979381443299,84.03361344537815,0.0,0.0
394,86.5979381443299,84.03361344537815,0.0,0.0
395,86.5979381443299,84.03361344537815,0.0,0.0
396,86.5979381443299,84.03361344537815,0.0,0.0
397,86.5979381443299,84.03361344537815,0.0,0.0
398,86.5979381443299,84.03361344537815,0.0,0.0
399,86.5979381443299,84.03361344537815,0.0,0.0
400,86.5979381443299,84.03361344537815,0.0,0.0
401,86.5979381443299,84.03361344537815,0.0,0.0
402,86.5979381443299,84.03361344537815,0.0,0.0
403,86.5979381443299,84.03361344537815,0.0,0.0
404,86.5979381443299,84.03361344537815,0.0,0.0
405,86.5979381443299,84.03361344537815,0.0,0.0
406,86.5979381443299,84.03361344537815,0.0,0.0
407,86.5979381443299,84.03361344537815,0.0,0.0
408,86.5979381443299,84.03361344537815,0.0,0.0
409,86.5979381443299,84.03361344537815,0.0,0.0
410,86.5979381443299,84.03361344537815,0.0,0.0
411,86.5979381443299,84.03361344537815,0.0,0.0
412,86.5979381443299,84.03361344537815,0.0,0.0
413,86.5979381443299,84.03361344537815,0.0,0.0
414,86.5979381443299,84.03361344537815,0.0,0.0
415,86.5979381443299,84.03361344537815,0.0,0.0
416,86.5979381443299,84.03361344537815,0.0,0.0
417,86.5979381443299,84.03361344537815,0.0,0.0
418,86.5979381443299,84.03361344537815,0.0,0.0
419,86.5979381443299,84.03361344537815,0.0,0.0
420,86.5979381443299,84.03361344537815,0.0,0.0
421,86.5979381443299,84.03361344537815,0.0,0.0
422,86.5979381443299,84.03361344537815,0.0,0.0
423,86.5979381443299,84.03361344537815,0.0,0.0
424,86.5979381443299,84.03361344537815,0.0,0.0
425,86.5979381443299,84.03361344537815,0.0,0.0
426,86.5979381443299,84.03361344537815,0.0,0.0
427,86.5979381443299,84.03361344537815,0.0,0.0
428,86.5979381443299,84.03361344537815,0.0,0.0
429,86.5979381443299,84.03361344537815,0.0,0.0
430,86.5979381443299,84.03361344537815,0.0,0.0
431,86.5979381443299,84.03361344537815,0.0,0.0
432,86.5979381443299,84.03361344537815,0.0,0.0
433,86.5979381443299,84.03361344537815,0.0,0.0
434,86.5979381443299,84.03361344537815,0.0,0.0
435,86.5979381443299,84.03361344537815,0.0,0.0
436,86.5979381443299,84.03361344537815,0.0,0.0
437,86.5979381443299,84.03361344537815,0.0,0.0
438,86.5979381443299,84.03361344537815,0.0,0.0
439,86.5979381443299,84.03361344537815,0.0,0.0
440,86.5979381443299,84.03361344537815,0.0,0.0
441,86.5979381443299,84.03361344537815,0.0,0.0
442,86.5979381443299,84.03361344537815,0.0,0.0
443,86.5979381443299,84.03361344537815,0.0,0.0
444,86.5979381443299,84.03361344537815,0.0,0.0
445,86.5979381443299,84.03361344537815,0.0,0.0
446,86.5979381443299,84.03361344537815,0.0,0.0
447,86.5979381443299,84.03361344537815,0.0,0.0
448,86.5979381443299,84.03361344537815,0.0,0.0
449,86.5979381443299,84.03361344537815,0.0,0.0
450,86.5979381443299,84.03361344537815,0.0,0.0
451,86.5979381443299,84.03361344537815,0.0,0.0
452,86.5979381443299,84.03361344537815,0.0,0.0
453,86.5979381443299,84.03361344537815,0.0,0.0
454,86.5979381443299,84.03361344537815,0.0,0.0
455,86.5979381443299,84.03361344537815,0.0,0.0
456,86.5979381443299,84.03361344537815,0.0,0.0
457,86.5979381443299,84.03361344537815,0.0,0.0
458,86.5979381443299,84.03361344537815,0.0,0.0
459,86.5979381443299,84.03361344537815,0.0,0.0
460,86.5979381443299,84.03361344537815,0.0,0.0
461,86.5979381443299,84.03361344537815,0.0,0.0
462,86.5979381443299,84.03361344537815,0.0,0.0
463,86.5979381443299,84.03361344537815,0.0,0.0
464,86.5979381443299,84.03361344537815,0.0,0.0
465,86.5979381443299,84.03361344537815,0.0,0.0
466,86.5979381443299,84.03361344537815,0.0,0.0
467,86.5979381443299,84.03361344537815,0.0,0.0
468,86.5979381443299,84.03361344537815,0.0,0.0
469,86.5979381443299,84.03361344537815,0.0,0.0
470,86.5979381443299,84.03361344537815,0.0,0.0
471,86.5979381443299,84.03361344537815,0.0,0.0
472,86.5979381443299,84.03361344537815,0.0,0.0
473,86.5979381443299,84.03361344537815,0.0,0.0
474,86.5979381443299,84.03361344537815,0.0,0.0
475,86.5979381443299,84.03361344537815,0.0,0.0
476,86.5979381443299,84.03361344537815,0.0,0.0
477,86.5979381443299,84.03361344537815,0.0,0.0
478,86.5979381443299,84.03361344537815,0.0,0.0
479,86.5979381443299,84.03361344537815,0.0,0.0
480,86.5979381443299,84.03361344537815,0.0,0.0
481,86.5979381443299,84.03361344537815,0.0,0.0
482,86.5979381443299,84.03361344537815,0.0,0.0
483,86.5979381443299,84.03361344537815,0.0,0.0
484,86.5979381443299,84.03361344537815,0.0,0.0
485,86.5979381443299,84.03361344537815,0.0,0.0
486,86.5979381443299,84.03361344537815,0.0,0.0
487,86.5979381443299,84.03361344537815,0.0,0.0
488,86.5979381443299,84.03361344537815,0.0,0.0
489,86.5979381443299,84.03361344537815,0.0,0.0
490,86.5979381443299,84.03361344537815,0.0,0.0
491,86.5979381443299,84.03361344537815,0.0,0.0
492,86.5979381443299,84.03361344537815,0.0,0.0
493,86.5979381443299,84.03361344537815,0.0,0.0
494,86.5979381443299,84.03361344537815,0.0,0.0
495,86.5979381443299,84.03361344537815,0.0,0.0
496,86.5979381443299,84.03361344537815,0.0,0.0
497,86.5979381443299,84.03361344537815,0.0,0.0
498,86.5979381443299,84.03361344537815,0.0,0.0
499,86.5979381443299,84.03361344537815,0.0,0.0
500,86.5979381443299,84.03361344537815,0.0,0.0
501,86.5979381443299,84.03361344537815,0.0,0.0
502,86.5979381443299,84.03361344537815,0.0,0.0
503,86.5979381443299,84.03361344537815,0.0,0.0
504,86.5979381443299,84.03361344537815,0.0,0.0
505,86.5979381443299,84.03361344537815,0.0,0.0
506,86.5979381443299,84.03361344537815,0.0,0.0
507,86.5979381443299,84.03361344537815,0.0,0.0
508,86.5979381443299,84.03361344537815,0.0,0.0
509,86.5979381443299,84.03361344537815,0.0,0.0
510,86.5979381443299,84.03361344537815,0.0,0.0
511,86.5979381443299,84.03361344537815,0.0,0.0
512,86.5979381443299,84.03361344537815,0.0,0.0
513,86.5979381443299,84.03361344537815,0.0,0.0
514,86.5979381443299,84.03361344537815,0.0,0.0
515,86.5979381443299,84.03361344537815,0.0,0.0
516,86.5979381443299,84.03361344537815,0.0,0.0
517,86.5979381443299,84.03361344537815,0.0,0.0
518,86.5979381443299,84.03361344537815,0.0,0.0
519,86.5979381443299,84.03361344537815,0.0,0.0
520,86.5979381443299,84.03361344537815,0.0,0.0
521,86.5979381443299,84.03361344537815,0.0,0.0
522,86.5979381443299,84.03361344537815,0.0,0.0
523,86.5979381443299,84.03361344537815,0.0,0.0
524,86.5979381443299,84.03361344537815,0.0,0.0
525,86.5979381443299,84.03361344537815,0.0,0.0
526,86.5979381443299,84.03361344537815,0.0,0.0
527,86.5979381443299,84.03361344537815,0.0,0.0
528,86.5979381443299,84.03361344537815,0.0,0.0
529,86.5979381443299,84.03361344537815,0.0,0.0
530,86.5979381443299,84.03361344537815,0.0,0.0
531,86.5979381443299,84.03361344537815,0.0,0.0
532,86.5979381443299,84.03361344537815,0.0,0.0
533,86.5979381443299,84.03361344537815,0.0,0.0
534,86.5979381443299,84.03361344537815,0.0,0.0
535,86.5979381443299,84.03361344537815,0.0,0.0
536,86.5979381443299,84.03361344537815,0.0,0.0
537,86.5979381443299,84.03361344537815,0.0,0.0
538,86.5979381443299,84.03361344537815,0.0,0.0
539,86.5979381443299,84.03361344537815,0.0,0.0
540,86.5979381443299,84.03361344537815,0.0,0.0
541,86.5979381443299,84.03361344537815,0.0,0.0
542,86.5979381443299,84.03361344537815,0.0,0.0
543,86.5979381443299,84.03361344537815,0.0,0.0
544,86.5979381443299,84.03361344537815,0.0,0.0
545,86.5979381443299,84.03361344537815,0.0,0.0
546,86.5979381443299,84.03361344537815,0.0,0.0
547,86.5979381443299,84.03361344537815,0.0,0.0
548,86.5979381443299,84.03361344537815,0.0,0.0
549,86.5979381443299,84.03361344537815,0.0,0.0
550,86.5979381443299,84.03361344537815,0.0,0.0
551,86.5979381443299,84.03361344537815,0.0,0.0
552,86.5979381443299,84.03361344537815,0.0,0.0
553,86.5979381443299,84.03361344537815,0.0,0.0
554,86.5979381443299,84.03361344537815,0.0,0.0
555,86.5979381443299,84.03361344537815,0.0,0.0
556,86.5979381443299,84.03361344537815,0.0,0.0
557,86.5979381443299,84.03361344537815,0.0,0.0
558,86.5979381443299,84.03361344537815,0.0,0.0
559,86.5979381443299,84.03361344537815,0.0,0.0
560,86.5979381443299,84.03361344537815,0.0,0.0
561,86.5979381443299,84.03361344537815,0.0,0.0
562,86.5979381443299,84.03361344537815,0.0,0.0
563,86.5979381443299,84.03361344537815,0.0,0.0
564,86.5979381443299,84.03361344537815,0.0,0.0
565,86.5979381443299,84.03361344537815,0.0,0.0
566,86.5979381443299,84.03361344537815,0.0,0.0
567,86.5979381443299,84.03361344537815,0.0,0.0
568,86.5979381443299,84.03361344537815,0.0,0.0
569,86.5979381443299,84.03361344537815,0.0,0.0
570,86.5979381443299,84.03361344537815,0.0,0.0
571,86.5979381443299,84.03361344537815,0.0,0.0
572,86.5979381443299,84.03361344537815,0.0,0.0
573,86.5979381443299,84.03361344537815,0.0,0.0
574,86.5979381443299,84.03361344537815,0.0,0.0
575,86.5979381443299,84.03361344537815,0.0,0.0
576,86.5979381443299,84.03361344537815,0.0,0.0
577,86.5979381443299,84.03361344537815,0.0,0.0
578,86.5979381443299,84.03361344537815,0.0,0.0
579,86.5979381443299,84.03361344537815,0.0,0.0
580,86.5979381443299,84.03361344537815,0.0,0.0
581,86.5979381443299,84.03361344537815,0.0,0.0
582,86.5979381443299,84.03361344537815,0.0,0.0
583,86.5979381443299,84.03361344537815,0.0,0.0
584,86.5979381443299,84.03361344537815,0.0,0.0
585,86.5979381443299,84.03361344537815,0.0,0.0
586,86.5979381443299,84.03361344537815,0.0,0.0
587,86.5979381443299,84.03361344537815,0.0,0.0
588,86.5979381443299,84.03361344537815,0.0,0.0
589,86.5979381443299,84.03361344537815,0.0,0.0
590,86.5979381443299,84.03361344537815,0.0,0.0
591,86.5979381443299,84.03361344537815,0.0,0.0
592,86.5979381443299,84.03361344537815,0.0,0.0
593,86.5979381443299,84.03361344537815,0.0,0.0
594,86.5979381443299,84.03361344537815,0.0,0.0
595,86.5979381443299,84.03361344537815,0.0,0.0
596,86.5979381443299,84.03361344537815,0.0,0.0
597,86.5979381443299,84.03361344537815,0.0,0.0
598,86.5979381443299,84.03361344537815,0.0,0.0
599,86.5979381443299,84.03361344537815,0.0,0.0
600,86.5979381443299,84.03361344537815,0.0,0.0
601,86.5979381443299,84.03361344537815,0.0,0.0
602,86.5979381443299,84.03361344537815,0.0,0.0
603,86.5979381443299,84.03361344537815,0.0,0.0
604,86.5979381443299,84.03361344537815,0.0,0.0
605,86.5979381443299,84.03361344537815,0.0,0.0
606,86.5979381443299,84.03361344537815,0.0,0.0
607,86.5979381443299,84.03361344537815,0.0,0.0
608,86.5979381443299,84.03361344537815,0.0,0.0
609,86.5979381443299,84.03361344537815,0.0,0.0
610,86.5979381443299,84.03361344537815,0.0,0.0
611,86.5979381443299,84.03361344537815,0.0,0.0
612,86.5979381443299,84.03361344537815,0.0,0.0
613,86.5979381443299,84.03361344537815,0.0,0.0
614,86.5979381443299,84.03361344537815,0.0,0.0
615,86.5979381443299,84.03361344537815,0.0,0.0
616,86.5979381443299,84.03361344537815,0.0,0.0
617,86.5979381443299,84.03361344537815,0.0,0.0
618,86.5979381443299,84.03361344537815,0.0,0.0
619,86.5979381443299,84.03361344537815,0.0,0.0
620,86.5979381443299,84.03361344537815,0.0,0.0
621,86.5979381443299,84.03361344537815,0.0,0.0
622,86.5979381443299,84.03361344537815,0.0,0.0
623,86.5979381443299,84.03361344537815,0.0,0.0
624,86.5979381443299,84.03361344537815,0.0,0.0
625,86.5979381443299,84.03361344537815,0.0,0.0
626,86.5979381443299,84.03361344537815,0.0,0.0
627,86.5979381443299,84.03361344537815,0.0,0.0
628,86.5979381443299,84.03361344537815,0.0,0.0
629,86.5979381443299,84.03361344537815,0.0,0.0
630,86.5979381443299,84.03361344537815,0.0,0.0
631,86.5979381443299,84.03361344537815,0.0,0.0
632,86.5979381443299,84.03361344537815,0.0,0.0
633,86.5979381443299,84.03361344537815,0.0,0.0
634,86.5979381443299,84.03361344537815,0.0,0.0
635,86.5979381443299,84.03361344537815,0.0,0.0
636,86.5979381443299,84.03361344537815,0.0,0.0
637,86.5979381443299,84.03361344537815,0.0,0.0
638,86.5979381443299,84.03361344537815,0.0,0.0
639,86.5979381443299,84.03361344537815,0.0,0.0
640,86.5979381443299,84.03361344537815,0.0,0.0
641,86.5979381443299,84.03361344537815,0.0,0.0
642,86.5979381443299,84.03361344537815,0.0,0.0
643,86.5979381443299,84.03361344537815,0.0,0.0
644,86.5979381443299,84.03361344537815,0.0,0.0
645,86.5979381443299,84.03361344537815,0.0,0.0
646,86.5979381443299,84.03361344537815,0.0,0.0
647,86.5979381443299,84.03361344537815,0.0,0.0
648,86.5979381443299,84.03361344537815,0.0,0.0
649,86.5979381443299,84.03361344537815,0.0,0.0
650,86.5979381443299,84.03361344537815,0.0,0.0
651,86.5979381443299,84.03361344537815,0.0,0.0
652,86.5979381443299,84.03361344537815,0.0,0.0
653,86.5979381443299,84.03361344537815,0.0,0.0
654,86.5979381443299,84.03361344537815,0.0,0.0
655,86.5979381443299,84.03361344537815,0.0,0.0
656,86.5979381443299,84.03361344537815,0.0,0.0
657,86.5979381443299,84.03361344537815,0.0,0.0
658,86.5979381443299,84.03361344537815,0.0,0.0
659,86.5979381443299,84.03361344537815,0.0,0.0
660,86.5979381443299,84.03361344537815,0.0,0.0
661,86.5979381443299,84.03361344537815,0.0,0.0
662,86.5979381443299,84.03361344537815,0.0,0.0
663,86.5979381443299,84.03361344537815,0.0,0.0
664,86.5979381443299,84.03361344537815,0.0,0.0
665,86.5979381443299,84.03361344537815,0.0,0.0
666,86.5979381443299,84.03361344537815,0.0,0.0
667,86.5979381443299,84.03361344537815,0.0,0.0
668,86.5979381443299,84.03361344537815,0.0,0.0
669,86.5979381443299,84.03361344537815,0.0,0.0
670,86.5979381443299,84.03361344537815,0.0,0.0
671,86.5979381443299,84.03361344537815,0.0,0.0
672,86.5979381443299,84.03361344537815,0.0,0.0
673,86.5979381443299,84.03361344537815,0.0,0.0
674,86.5979381443299,84.03361344537815,0.0,0.0
675,86.5979381443299,84.03361344537815,0.0,0.0
676,86.5979381443299,84.03361344537815,0.0,0.0
677,86.5979381443299,84.03361344537815,0.0,0.0
678,86.5979381443299,84.03361344537815,0.0,0.0
679,86.5979381443299,84.03361344537815,0.0,0.0
680,86.5979381443299,84.03361344537815,0.0,0.0
681,86.5979381443299,84.03361344537815,0.0,0.0
682,86.5979381443299,84.03361344537815,0.0,0.0
683,86.5979381443299,84.03361344537815,0.0,0.0
684,86.5979381443299,84.03361344537815,0.0,0.0
685,86.5979381443299,84.03361344537815,0.0,0.0
686,86.5979381443299,84.03361344537815,0.0,0.0
687,86.5979381443299,84.03361344537815,0.0,0.0
688,86.5979381443299,84.03361344537815,0.0,0.0
689,86.5979381443299,84.03361344537815,0.0,0.0
690,86.5979381443299,84.03361344537815,0.0,0.0
691,86.5979381443299,84.03361344537815,0.0,0.0
692,86.5979381443299,84.03361344537815,0.0,0.0
693,86.5979381443299,84.03361344537815,0.0,0.0
694,86.5979381443299,84.03361344537815,0.0,0.0
695,86.5979381443299,84.03361344537815,0.0,0.0
696,86.5979381443299,84.03361344537815,0.0,0.0
697,86.5979381443299,84.03361344537815,0.0,0.0
698,86.5979381443299,84.03361344537815,0.0,0.0
699,86.5979381443299,84.03361344537815,0.0,0.0
700,86.5979381443299,84.03361344537815,0.0,0.0
701,86.5979381443299,84.03361344537815,0.0,0.0
702,86.5979381443299,84.03361344537815,0.0,0.0
703,86.5979381443299,84.03361344537815,0.0,0.0
704,86.5979381443299,84.03361344537815,0.0,0.0
705,86.5979381443299,84.03361344537815,0.0,0.0
706,86.5979381443299,84.03361344537815,0.0,0.0
707,86.5979381443299,84.03361344537815,0.0,0.0
708,86.5979381443299,84.03361344537815,0.0,0.0
709,86.5979381443299,84.03361344537815,0.0,0.0
710,86.5979381443299,84.03361344537815,0.0,0.0
711,86.5979381443299,84.03361344537815,0.0,0.0
712,86.5979381443299,84.03361344537815,0.0,0.0
713,86.5979381443299,84.03361344537815,0.0,0.0
714,86.5979381443299,84.03361344537815,0.0,0.0
715,86.5979381443299,84.03361344537815,0.0,0.0
716,86.5979381443299,84.03361344537815,0.0,0.0
717,86.5979381443299,84.03361344537815,0.0,0.0
718,86.5979381443299,84.03361344537815,0.0,0.0
719,86.5979381443299,84.03361344537815,0.0,0.0
720,86.5979381443299,84.03361344537815,0.0,0.0
721,86.5979381443299,84.03361344537815,0.0,0.0
722,86.5979381443299,84.03361344537815,0.0,0.0
723,86.5979381443299,84.03361344537815,0.0,0.0
724,86.5979381443299,84.03361344537815,0.0,0.0
725,86.5979381443299,84.03361344537815,0.0,0.0
726,86.5979381443299,84.03361344537815,0.0,0.0
727,86.5979381443299,84.03361344537815,0.0,0.0
728,86.5979381443299,84.03361344537815,0.0,0.0
729,86.5979381443299,84.03361344537815,0.0,0.0
730,86.5979381443299,84.03361344537815,0.0,0.0
731,86.5979381443299,84.03361344537815,0.0,0.0
732,86.5979381443299,84.03361344537815,0.0,0.0
733,86.5979381443299,84.03361344537815,0.0,0.0
734,86.5979381443299,84.03361344537815,0.0,0.0
735,86.5979381443299,84.03361344537815,0.0,0.0
736,86.5979381443299,84.03361344537815,0.0,0.0
737,86.5979381443299,84.03361344537815,0.0,0.0
738,86.5979381443299,84.03361344537815,0.0,0.0
739,86.5979381443299,84.03361344537815,0.0,0.0
740,86.5979381443299,84.03361344537815,0.0,0.0
741,86.5979381443299,84.03361344537815,0.0,0.0
742,86.5979381443299,84.03361344537815,0.0,0.0
743,86.5979381443299,84.03361344537815,0.0,0.0
744,86.5979381443299,84.03361344537815,0.0,0.0
745,86.5979381443299,84.03361344537815,0.0,0.0
746,86.5979381443299,84.03361344537815,0.0,0.0
747,86.5979381443299,84.03361344537815,0.0,0.0
748,86.5979381443299,84.03361344537815,0.0,0.0
749,86.5979381443299,84.03361344537815,0.0,0.0
750,86.5979381443299,84.03361344537815,0.0,0.0
751,86.5979381443299,84.03361344537815,0.0,0.0
752,86.5979381443299,84.03361344537815,0.0,0.0
753,86.5979381443299,84.03361344537815,0.0,0.0
754,86.5979381443299,84.03361344537815,0.0,0.0
755,86.5979381443299,84.03361344537815,0.0,0.0
756,86.5979381443299,84.03361344537815,0.0,0.0
757,86.5979381443299,84.03361344537815,0.0,0.0
758,86.5979381443299,84.03361344537815,0.0,0.0
759,86.5979381443299,84.03361344537815,0.0,0.0
760,86.5979381443299,84.03361344537815,0.0,0.0
761,86.5979381443299,84.03361344537815,0.0,0.0
762,86.5979381443299,84.03361344537815,0.0,0.0
763,86.5979381443299,84.03361344537815,0.0,0.0
764,86.5979381443299,84.03361344537815,0.0,0.0
765,86.5979381443299,84.03361344537815,0.0,0.0
766,86.5979381443299,84.03361344537815,0.0,0.0
767,86.5979381443299,84.03361344537815,0.0,0.0
768,86.5979381443299,84.03361344537815,0.0,0.0
769,86.5979381443299,84.03361344537815,0.0,0.0
770,86.5979381443299,84.03361344537815,0.0,0.0
771,86.5979381443299,84.03361344537815,0.0,0.0
772,86.5979381443299,84.03361344537815,0.0,0.0
773,86.5979381443299,84.03361344537815,0.0,0.0
774,86.5979381443299,84.03361344537815,0.0,0.0
775,86.5979381443299,84.03361344537815,0.0,0.0
776,86.5979381443299,84.03361344537815,0.0,0.0
777,86.5979381443299,84.03361344537815,0.0,0.0
778,86.5979381443299,84.03361344537815,0.0,0.0
779,86.5979381443299,84.03361344537815,0.0,0.0
780,86.5979381443299,84.03361344537815,0.0,0.0
781,86.5979381443299,84.03361344537815,0.0,0.0
782,86.5979381443299,84.03361344537815,0.0,0.0
783,86.5979381443299,84.03361344537815,0.0,0.0
784,86.5979381443299,84.03361344537815,0.0,0.0
785,86.5979381443299,84.03361344537815,0.0,0.0
786,86.5979381443299,84.03361344537815,0.0,0.0
787,86.5979381443299,84.03361344537815,0.0,0.0
788,86.5979381443299,84.03361344537815,0.0,0.0
789,86.5979381443299,84.03361344537815,0.0,0.0
790,86.5979381443299,84.03361344537815,0.0,0.0
791,86.5979381443299,84.03361344537815,0.0,0.0
792,86.5979381443299,84.03361344537815,0.0,0.0
793,86.5979381443299,84.03361344537815,0.0,0.0
794,86.5979381443299,84.03361344537815,0.0,0.0
795,86.5979381443299,84.03361344537815,0.0,0.0
796,86.5979381443299,84.03361344537815,0.0,0.0
797,86.5979381443299,84.03361344537815,0.0,0.0
798,86.5979381443299,84.03361344537815,0.0,0.0
799,86.5979381443299,84.03361344537815,0.0,0.0
800,86.5979381443299,84.03361344537815,0.0,0.0
801,86.5979381443299,84.03361344537815,0.0,0.0
802,86.5979381443299,84.03361344537815,0.0,0.0
803,86.5979381443299,84.03361344537815,0.0,0.0
804,86.5979381443299,84.03361344537815,0.0,0.0
805,86.5979381443299,84.03361344537815,0.0,0.0
806,86.5979381443299,84.03361344537815,0.0,0.0
807,86.5979381443299,84.03361344537815,0.0,0.0
808,86.5979381443299,84.03361344537815,0.0,0.0
809,86.5979381443299,84.03361344537815,0.0,0.0
810,86.5979381443299,84.03361344537815,0.0,0.0
811,86.5979381443299,84.03361344537815,0.0,0.0
812,86.5979381443299,84.03361344537815,0.0,0.0
813,86.5979381443299,84.03361344537815,0.0,0.0
814,86.5979381443299,84.03361344537815,0.0,0.0
815,86.5979381443299,84.03361344537815,0.0,0.0
816,86.5979381443299,84.03361344537815,0.0,0.0
817,86.5979381443299,84.03361344537815,0.0,0.0
818,86.5979381443299,84.03361344537815,0.0,0.0
819,86.5979381443299,84.03361344537815,0.0,0.0
820,86.5979381443299,84.03361344537815,0.0,0.0
821,86.5979381443299,84.03361344537815,0.0,0.0
822,86.5979381443299,84.03361344537815,0.0,0.0
823,86.5979381443299,84.03361344537815,0.0,0.0
824,86.5979381443299,84.03361344537815,0.0,0.0
825,86.5979381443299,84.03361344537815,0.0,0.0
826,86.5979381443299,84.03361344537815,0.0,0.0
827,86.5979381443299,84.03361344537815,0.0,0.0
828,86.5979381443299,84.03361344537815,0.0,0.0
829,86.5979381443299,84.03361344537815,0.0,0.0
830,86.5979381443299,84.03361344537815,0.0,0.0
831,86.5979381443299,84.03361344537815,0.0,0.0
832,86.5979381443299,84.03361344537815,0.0,0.0
833,86.5979381443299,84.03361344537815,0.0,0.0
834,86.5979381443299,84.03361344537815,0.0,0.0
835,86.5979381443299,84.03361344537815,0.0,0.0
836,86.5979381443299,84.03361344537815,0.0,0.0
837,86.5979381443299,84.03361344537815,0.0,0.0
838,86.5979381443299,84.03361344537815,0.0,0.0
839,86.5979381443299,84.03361344537815,0.0,0.0
840,86.5979381443299,84.03361344537815,0.0,0.0
841,86.5979381443299,84.03361344537815,0.0,0.0
842,86.5979381443299,84.03361344537815,0.0,0.0
843,86.5979381443299,84.03361344537815,0.0,0.0
844,86.5979381443299,84.03361344537815,0.0,0.0
845,86.5979381443299,84.03361344537815,0.0,0.0
846,86.5979381443299,84.03361344537815,0.0,0.0
847,86.5979381443299,84.03361344537815,0.0,0.0
848,86.5979381443299,84.03361344537815,0.0,0.0
849,86.5979381443299,84.03361344537815,0.0,0.0
850,86.5979381443299,84.03361344537815,0.0,0.0
851,86.5979381443299,84.03361344537815,0.0,0.0
852,86.5979381443299,84.03361344537815,0.0,0.0
853,86.5979381443299,84.03361344537815,0.0,0.0
854,86.5979381443299,84.03361344537815,0.0,0.0
855,86.5979381443299,84.03361344537815,0.0,0.0
856,86.5979381443299,84.03361344537815,0.0,0.0
857,86.5979381443299,84.03361344537815,0.0,0.0
858,86.5979381443299,84.03361344537815,0.0,0.0
859,86.5979381443299,84.03361344537815,0.0,0.0
860,86.5979381443299,84.03361344537815,0.0,0.0
861,86.5979381443299,84.03361344537815,0.0,0.0
862,86.5979381443299,84.03361344537815,0.0,0.0
863,86.5979381443299,84.03361344537815,0.0,0.0
864,86.5979381443299,84.03361344537815,0.0,0.0
865,86.5979381443299,84.03361344537815,0.0,0.0
866,86.5979381443299,84.03361344537815,0.0,0.0
867,86.5979381443299,84.03361344537815,0.0,0.0
868,86.5979381443299,84.03361344537815,0.0,0.0
869,86.5979381443299,84.03361344537815,0.0,0.0
870,86.5979381443299,84.03361344537815,0.0,0.0
871,86.5979381443299,84.03361344537815,0.0,0.0
872,86.5979381443299,84.03361344537815,0.0,0.0
873,86.5979381443299,84.03361344537815,0.0,0.0
874,86.5979381443299,84.03361344537815,0.0,0.0
875,86.5979381443299,84.03361344537815,0.0,0.0
876,86.5979381443299,84.03361344537815,0.0,0.0
877,86.5979381443299,84.03361344537815,0.0,0.0
878,86.5979381443299,84.03361344537815,0.0,0.0
879,86.5979381443299,84.03361344537815,0.0,0.0
880,86.5979381443299,84.03361344537815,0.0,0.0
881,86.5979381443299,84.03361344537815,0.0,0.0
882,86.5979381443299,84.03361344537815,0.0,0.0
883,86.5979381443299,84.03361344537815,0.0,0.0
884,86.5979381443299,84.03361344537815,0.0,0.0
885,86.5979381443299,84.03361344537815,0.0,0.0
886,86.5979381443299,84.03361344537815,0.0,0.0
887,86.5979381443299,84.03361344537815,0.0,0.0
888,86.5979381443299,84.03361344537815,0.0,0.0
889,86.5979381443299,84.03361344537815,0.0,0.0
890,86.5979381443299,84.03361344537815,0.0,0.0
891,86.5979381443299,84.03361344537815,0.0,0.0
892,86.5979381443299,84.03361344537815,0.0,0.0
893,86.5979381443299,84.03361344537815,0.0,0.0
894,86.5979381443299,84.03361344537815,0.0,0.0
895,86.5979381443299,84.03361344537815,0.0,0.0
896,86.5979381443299,84.03361344537815,0.0,0.0
897,86.5979381443299,84.03361344537815,0.0,0.0
898,86.5979381443299,84.03361344537815,0.0,0.0
899,86.5979381443299,84.03361344537815,0.0,0.0
900,86.5979381443299,84.03361344537815,0.0,0.0
901,86.5979381443299,84.03361344537815,0.0,0.0
902,86.5979381443299,84.03361344537815,0.0,0.0
903,86.5979381443299,84.03361344537815,0.0,0.0
904,86.5979381443299,84.03361344537815,0.0,0.0
905,86.5979381443299,84.03361344537815,0.0,0.0
906,86.5979381443299,84.03361344537815,0.0,0.0
907,86.5979381443299,84.03361344537815,0.0,0.0
908,86.5979381443299,84.03361344537815,0.0,0.0
909,86.5979381443299,84.03361344537815,0.0,0.0
910,86.5979381443299,84.03361344537815,0.0,0.0
911,86.5979381443299,84.03361344537815,0.0,0.0
912,86.5979381443299,84.03361344537815,0.0,0.0
913,86.5979381443299,84.03361344537815,0.0,0.0
914,86.5979381443299,84.03361344537815,0.0,0.0
915,86.5979381443299,84.03361344537815,0.0,0.0
916,86.5979381443299,84.03361344537815,0.0,0.0
917,86.5979381443299,84.03361344537815,0.0,0.0
918,86.5979381443299,84.03361344537815,0.0,0.0
919,86.5979381443299,84.03361344537815,0.0,0.0
920,86.5979381443299,84.03361344537815,0.0,0.0
921,86.5979381443299,84.03361344537815,0.0,0.0
922,86.5979381443299,84.03361344537815,0.0,0.0
923,86.5979381443299,84.03361344537815,0.0,0.0
924,86.5979381443299,84.03361344537815,0.0,0.0
925,86.5979381443299,84.03361344537815,0.0,0.0
926,86.5979381443299,84.03361344537815,0.0,0.0
927,86.5979381443299,84.03361344537815,0.0,0.0
928,86.5979381443299,84.03361344537815,0.0,0.0
929,86.5979381443299,84.03361344537815,0.0,0.0
930,86.5979381443299,84.03361344537815,0.0,0.0
931,86.5979381443299,84.03361344537815,0.0,0.0
932,86.5979381443299,84.03361344537815,0.0,0.0
933,86.5979381443299,84.03361344537815,0.0,0.0
934,86.5979381443299,84.03361344537815,0.0,0.0
935,86.5979381443299,84.03361344537815,0.0,0.0
936,86.5979381443299,84.03361344537815,0.0,0.0
937,86.5979381443299,84.03361344537815,0.0,0.0
938,86.5979381443299,84.03361344537815,0.0,0.0
939,86.5979381443299,84.03361344537815,0.0,0.0
940,86.5979381443299,84.03361344537815,0.0,0.0
941,86.5979381443299,84.03361344537815,0.0,0.0
942,86.5979381443299,84.03361344537815,0.0,0.0
943,86.5979381443299,84.03361344537815,0.0,0.0
944,86.5979381443299,84.03361344537815,0.0,0.0
945,86.5979381443299,84.03361344537815,0.0,0.0
946,86.5979381443299,84.03361344537815,0.0,0.0
947,86.5979381443299,84.03361344537815,0.0,0.0
948,86.5979381443299,84.03361344537815,0.0,0.0
949,86.5979381443299,84.03361344537815,0.0,0.0
950,86.5979381443299,84.03361344537815,0.0,0.0
951,86.5979381443299,84.03361344537815,0.0,0.0
952,86.5979381443299,84.03361344537815,0.0,0.0
953,86.5979381443299,84.03361344537815,0.0,0.0
954,86.5979381443299,84.03361344537815,0.0,0.0
955,86.5979381443299,84.03361344537815,0.0,0.0
956,86.5979381443299,84.03361344537815,0.0,0.0
957,86.5979381443299,84.03361344537815,0.0,0.0
958,86.5979381443299,84.03361344537815,0.0,0.0
959,86.5979381443299,84.03361344537815,0.0,0.0
960,86.5979381443299,84.03361344537815,0.0,0.0
961,86.5979381443299,84.03361344537815,0.0,0.0
962,86.5979381443299,84.03361344537815,0.0,0.0
963,86.5979381443299,84.03361344537815,0.0,0.0
964,86.5979381443299,84.03361344537815,0.0,0.0
965,86.5979381443299,84.03361344537815,0.0,0.0
966,86.5979381443299,84.03361344537815,0.0,0.0
967,86.5979381443299,84.03361344537815,0.0,0.0
968,86.5979381443299,84.03361344537815,0.0,0.0
969,86.5979381443299,84.03361344537815,0.0,0.0
970,86.5979381443299,84.03361344537815,0.0,0.0
971,86.5979381443299,84.03361344537815,0.0,0.0
972,86.5979381443299,84.03361344537815,0.0,0.0
973,86.5979381443299,84.03361344537815,0.0,0.0
974,86.5979381443299,84.03361344537815,0.0,0.0
975,86.5979381443299,84.03361344537815,0.0,0.0
976,86.5979381443299,84.03361344537815,0.0,0.0
977,86.5979381443299,84.03361344537815,0.0,0.0
978,86.5979381443299,84.03361344537815,0.0,0.0
979,86.5979381443299,84.03361344537815,0.0,0.0
980,86.5979381443299,84.03361344537815,0.0,0.0
981,86.5979381443299,84.03361344537815,0.0,0.0
982,86.5979381443299,84.03361344537815,0.0,0.0
983,86.5979381443299,84.03361344537815,0.0,0.0
984,86.5979381443299,84.03361344537815,0.0,0.0
985,86.5979381443299,84.03361344537815,0.0,0.0
986,86.5979381443299,84.03361344537815,0.0,0.0
987,86.5979381443299,84.03361344537815,0.0,0.0
988,86.5979381443299,84.03361344537815,0.0,0.0
989,86.5979381443299,84.03361344537815,0.0,0.0
990,86.5979381443299,84.03361344537815,0.0,0.0
991,86.5979381443299,84.03361344537815,0.0,0.0
992,86.5979381443299,84.03361344537815,0.0,0.0
993,86.5979381443299,84.03361344537815,0.0,0.0
994,86.5979381443299,84.03361344537815,0.0,0.0
995,86.5979381443299,84.03361344537815,0.0,0.0
996,86.5979381443299,84.03361344537815,0.0,0.0
997,86.5979381443299,84.03361344537815,0.0,0.0
998,86.5979381443299,84.03361344537815,0.0,0.0
999,86.5979381443299,84.03361344537815,0.0,0.0
